channels,thetas
tv_S,0.31614073405708304
ooh_S,0.3562351923768161
print_S,0.1690188339015412
facebook_S,0.24746305577990316
search_S,0.010506765099130443
newsletter,0.3107574031339223
