channel,mean_spend,mean_spend_scaled,mean_response,next_unit_response,solID
tv_S,256198.3775,256198.3775,152670.6772288057,0.5828784517943859,1_158_11
ooh_S,262577.8461538461,262577.8461538461,91232.53305566544,0.11170736519852653,1_158_11
print_S,77589.33333333331,77589.33333333331,99132.45040086549,2.0588516700227046,1_158_11
facebook_S,136111.14572521125,136111.14572521125,4857.18020306939,0.021769950938505644,1_158_11
search_S,47618.181818181816,47618.181818181816,27061.827006190215,1.081892952828639,1_158_11
